{
    "intents": [
        {
            "tag": "greeting",
            "patterns": [
                "Hi",
                "Is anyone there?",
                "Hello",
                "Hello there",
                "Whats up?",
                "Howdy?",
                "How you doing?"
            ],
            "responses": [
                "Hello there!",
                "Good to see you",
                "Hi there, how can I help?"
            ],
            "context_set": ""
        },
        {
            "tag": "goodbye",
            "patterns": [
                "Bye",
                "See you later",
                "Goodbye",
                "Ciao",
                "Godspeed",
                "Farewell",
                "Adios",
                "Adieu",
                "Have a great day",
                "Tata"
            ],
            "responses": [
                "See you",
                "Have a nice day",
                "Bye!"
            ],
            "context_set": ""
        },
        {
            "tag": "thanks",
            "patterns": [
                "Thanks",
                "Thank you",
                "That's helpful",
                "Gracias",
                "merci",
                "danke",
                "much obliged"
            ],
            "responses": [
                "Happy to help!",
                "Any time!",
                "My pleasure",
                "Very Welcome!"
            ],
            "context_set": ""
        },
        {
            "tag": "askfood",
            "patterns": [
                "Anything to eat?",
                "I could eat a horse",
                "Famished",
                "Ravenous",
                "Feeling peckish",
                "Can I have some food?",
                "Do you have biryani?",
                "Food for me?",
                "Can I have anything to eat?",
                "what do you have to eat?",
                "I am hungry",
                "Provide food",
                "I need food",
                "I want food",
                "Do you serve food?",
                "Get me food",
                "Eat?",
                "Food?",
                "Lunch?",
                "Dinner?",
                "Breakfast?",
                "Snacks?",
                "Coffee?",
                "Can I have some sweets?",
                "I need some food",
                "Give me food"
            ],
            "responses": [
                "I understand that you are hungry. But sorry, I don't provide food",
                "Find yourself some food",
                "Awwww! Don't starve",
                "Food first, Chat next! Scoot now!"
            ],
            "context_set": ""
        },
        {
            "tag": "time",
            "patterns": [
                "What time is it?",
                "May I kow the time?",
                "May I know what time is it now?",
                "Time?",
                "Time please?",
                "What is the time?",
                "What hour of the day is it?"
            ],
            "responses": [
                "Time is"
            ],
            "context_set": ""
        },
        {
            "tag": "name",
            "patterns": [
                "What is your name?",
                "What should I call you?",
                "What do people call you?",
                "How do people call you?",
                "How can I address you?",
                "May I know your name?",
                "Name please?",
                "Tell me your name",
                "How can I call you?",
                "Say your name",
                "Can I get your name?",
                "Tell your name to me",
                "I did not catch your name",
                "I am terrible with names"
            ],
            "responses": [
                "Hi! I'm Bob",
                "Hello! You can call me Bob",
                "Hi! My name's Bob"
            ],
            "context_set": ""
        },
        {
            "tag": "place",
            "patterns": [
                "Whare you from?",
                "What place are you from?",
                "Are you from here?",
                "Where do you live?",
                "Where can I find you?",
                "Do you live nearby?",
                "Where do you stay?",
                "Do you stay here?",
                "Where do you live?"
            ],
            "responses": [
                "I'm from Siemens, created exclusively for AIDT Expo",
                "Somewhere deep in your heart",
                "Deep down your butt."
            ],
            "context_set": ""
        },
        {
            "tag": "abuse",
            "patterns": [
                "Fuck",
                "Nigga",
                "Fuck you",
                "Asshole",
                "Dick",
                "Dickhead",
                "Bastard",
                "Pussy",
                "Pussy licker",
                "Piss off",
                "Shit",
                "Son of a bitch",
                "Bitch",
                "Damn",
                "Cunt",
                "Bollocks",
                "Bugger",
                "Bloody Hell",
                "Choad",
                "Crikey",
                "Shag",
                "Wanker",
                "Taking the piss",
                "Twat",
                "Idiot",
                "Jerk",
                "Shut up",
                "Stupid",
                "Wimp",
                "Motherfucker",
                "Dyke",
                "Ass",
                "Jerkoff",
                "Prick",
                "Whore",
                "Goddamn",
                "Fag",
                "Fuck off",
                "Ballsucker",
                "Tits",
                "Boobs",
                "Boobies",
                "Bellend",
                "Balls",
                "Butt",
                "Dipshit"
            ],
            "responses": [
                "This is why people talk about you behind your back.",
                "I'm not that desperate, and you're not that lucky.",
                "There are empty Petri dishes more cultured than you.",
                "May you always have slightly damp socks.",
                "You are a perfect example of why there are safety warnings on everything.",
                "If brains were dynamite, you wouldn't have enough to pop a pimple.",
                "I’m busy now. Can I ignore you some other time?",
                "You really shouldn’t use your entire vocabulary in one sentence.",
                "My imaginary teeth are brighter than your future."
            ],
            "context_set": ""
        }
    ]
}